{
    "lists": {},
    "forms": {},
    "methods": {},
    "references": {
        "oked": {
            "form": {
                "style": {
                    "width": "1000px",
                    "height": "600px"
                },
                "columns": [
                    {
                        "title": "Код",
                        "field": "code",
                        "width": 320
                    },
                    {
                        "title": "Наименование",
                        "field": "name",
                        "flex": 1
                    }
                ],
                "fastFilter": true,
                "primaryKey": "code",
                "parentKey": "parentCode",
                "isGroup": "item.GROUPFL=='1'",
                "isSelectable": "node.data.GROUPFL=='0'"
            },
            "method": {
                "sql": {
                    "sqlType": "query",
                    "database": "bank",
                    "sql": "select\n    r.code \"code\",\n    r.name \"name\",\n    p.code \"parentCode\",\n    r.groupfl\nfrom u_uz_oked r, u_uz_oked p\nwhere r.arcfl='0' and r.id_hi=p.id(+)\n    and (\n        :code is not null and r.code=:code and r.groupfl=0\n        or\n        :code is null and (\n            json_value(:request, '$.filterModel.code.filter') is null \n                and json_value(:request, '$.filterModel.name.filter') is null\n                and (\n                    :parentCode is null and p.code is null\n                    or\n                    :parentCode is not null and p.code = :parentCode\n                )\n            or    \n            json_value(:request, '$.filterModel.code.filter') is not null \n                and r.code like '%%'||json_value(:request, '$.filterModel.code.filter')||'%%'\n                and r.groupfl=0\n                \n            or\n            json_value(:request, '$.filterModel.name.filter') is not null \n                and upper(r.name) like '%%'||upper(json_value(:request, '$.filterModel.name.filter'))||'%%'\n                and r.groupfl=0\n        )\n    )\norder by r.code",
                    "params": [
                        "code",
                        "parentCode",
                        "request"
                    ]
                },
                "script": {}
            }
        }
    },
    "js": {}
}