{
    "lists": {},
    "forms": {},
    "js": {},
    "methods": {
        "readLog": {
            "sql": {},
            "script": {
                "py": "from apng_core.db import fetchall\n\nwith initDbSession(application='bank').cursor() as c:\n    c.execute(\"\"\"\n        select * from table(colvir.t_log.fGetLog())\n    \"\"\")\n        \n    d = fetchall(c)\n\n    log_text = ''        \n    for l in d:\n        log_text += '%s\\n' % l['TEXT']\n\ndata = log_text"
            }
        }
    },
    "references": {}
}