{
    "forms": {},
    "methods": {
        "getList": {
            "sql": {
                "params": [
                    "code",
                    "parentCode"
                ],
                "sqlType": "query",
                "database": "bank",
                "sql": "select \n    c.CODE \"code\", \n    c.LONGNAME \"name\", \n    c.styp \"baseType\", \n    p.code \"parentCode\" \nfrom l_ensdsc c, l_ensdsc_std p \nwhere c.arcfl='0' \n    and c.id_hi=p.id(+) \n    and c.code=nvl(:code, c.code) \n    and (:code is null and :parentCode is null and c.id_hi is null \n        or :code is null and :parentCode is not null and :parentCode=p.code \n        or :code is not null and :parentCode is null)\norder by c.code"
            },
            "script": {
                "params": [],
                "py": ""
            }
        }
    },
    "references": {
        "default": {
            "form": {
                "style": {
                    "width": "1000px",
                    "height": "600px"
                },
                "columns": [
                    {
                        "title": "Код",
                        "field": "code",
                        "width": 320
                    },
                    {
                        "title": "Наименование",
                        "field": "name",
                        "flex": 1
                    }
                ],
                "primaryKey": "code",
                "parentKey": "parentCode",
                "isGroup": "item.GROUPFL=='1'",
                "isSelectable": "node.data.GROUPFL=='0'"
            },
            "method": {
                "sql": {
                    "sqlType": "query",
                    "database": "bank",
                    "params": [
                        "code",
                        "parentCode",
                        "baseType"
                    ],
                    "sql": "select \n    c.CODE \"code\", \n    c.LONGNAME \"name\", \n    p.code \"parentCode\",\n    c.styp \"baseType\",\n    c.groupfl\nfrom l_ensdsc c, l_ensdsc_std p \nwhere c.arcfl='0' \n    and c.id_hi=p.id(+) \n    and c.code=nvl(:code, c.code) \n    and (:code is null and :baseType is null and :parentCode is null and c.id_hi is null \n        or :code is null and :parentCode is not null and :parentCode=p.code or :code is not null and :parentCode is null\n        or :baseType is not null and c.styp=:baseType and c.groupfl='0'\n        )\norder by c.code"
                },
                "script": {
                    "params": []
                }
            }
        }
    },
    "lists": {},
    "js": {}
}