{
    "forms": {},
    "methods": {},
    "references": {
        "default": {
            "form": {
                "style": {
                    "width": "1000px",
                    "height": "600px"
                },
                "columns": [
                    {
                        "title": "Модель",
                        "field": "name",
                        "flex": 1
                    }
                ],
                "fastFilter": true,
                "primaryKey": "id",
                "parentKey": "parentId",
                "isGroup": "item.isGroup=='1'",
                "isSelectable": "node.data.isGroup=='0'"
            },
            "method": {
                "sql": {
                    "params": [
                        "parentId",
                        "request"
                    ],
                    "sqlType": "query",
                    "database": "bank",
                    "sql": "select \n    :request xxx,\n    t.ID \"id\",\n    t.ID_HI \"parentId\",\n    t.GROUPFL \"isGroup\",\n    t.NLEVEL,\n    t.MARK \"mark\",\n    t.MODEL \"model\",\n    substr(t.MARK||' '||t.MODEL,1,250) \"name\"\nfrom L_AUTOMODEL t\nwhere json_value(:request, '$.filterModel.id.filter') is null\n  and :parentId is null and t.id_hi is null\n   or json_value(:request, '$.filterModel.id.filter') is null\n  and :parentId is not null and t.id_hi=:parentId\n   or json_value(:request, '$.filterModel.id.filter') is not null \n  and upper(substr(t.MARK||' '||t.MODEL,1,250)) like '%%'||upper(json_value(:request, '$.filterModel.id.filter'))||'%%'\n  and t.groupfl=0\norder by MARK, MODEL"
                },
                "script": {
                    "params": []
                }
            }
        }
    },
    "lists": {},
    "js": {}
}