[
    {
        "msgid": "Code",
        "msgstr": "Код",
        "msgctxt": null
    },
    {
        "msgid": "Name",
        "msgstr": "Наименование",
        "msgctxt": null
    },
    {
        "msgctxt": null,
        "msgid": "Refresh",
        "msgstr": "Обновить"
    },
    {
        "msgctxt": null,
        "msgid": "Create",
        "msgstr": "Создать"
    },
    {
        "msgctxt": null,
        "msgid": "Open",
        "msgstr": "Открыть"
    },
    {
        "msgid": "Delete",
        "msgstr": "Удалить",
        "msgctxt": null
    },
    {
        "msgctxt": null,
        "msgid": "Tools",
        "msgstr": "Инструменты"
    },
    {
        "msgctxt": null,
        "msgid": "Packages",
        "msgstr": "Пакеты"
    },
    {
        "msgctxt": null,
        "msgid": "History",
        "msgstr": "История"
    },
    {
        "msgctxt": null,
        "msgid": "Filter",
        "msgstr": "Фильтр"
    },
    {
        "msgctxt": null,
        "msgid": "Contains",
        "msgstr": "Содержит"
    },
    {
        "msgctxt": null,
        "msgid": "Package",
        "msgstr": "Пакет"
    },
    {
        "msgctxt": null,
        "msgid": "Clear",
        "msgstr": "Очистить"
    },
    {
        "msgctxt": null,
        "msgid": "Apply",
        "msgstr": "Применить"
    },
    {
        "msgid": "Edit application object",
        "msgstr": "Редактирование прикладного объекта",
        "msgctxt": null
    },
    {
        "msgid": "Save",
        "msgstr": "Сохранить",
        "msgctxt": null
    },
    {
        "msgid": "Object",
        "msgstr": "Объект",
        "msgctxt": null
    },
    {
        "msgid": "Lists",
        "msgstr": "Списки",
        "msgctxt": null
    },
    {
        "msgid": "Forms",
        "msgstr": "Формы",
        "msgctxt": null
    },
    {
        "msgid": "JS",
        "msgstr": null,
        "msgctxt": null
    },
    {
        "msgid": "Methods",
        "msgstr": "Методы",
        "msgctxt": null
    },
    {
        "msgid": "References",
        "msgstr": "Справочники",
        "msgctxt": null
    },
    {
        "msgid": "Comment",
        "msgstr": "Комментарий",
        "msgctxt": null
    },
    {
        "msgctxt": "js",
        "msgid": "List",
        "msgstr": "Список"
    },
    {
        "msgid": "Form",
        "msgstr": "Форма",
        "msgctxt": "js"
    },
    {
        "msgid": "JS scripts",
        "msgstr": "JS Скрипты",
        "msgctxt": null
    },
    {
        "msgctxt": "js",
        "msgid": "Method",
        "msgstr": "Метод"
    },
    {
        "msgctxt": "js",
        "msgid": "Reference",
        "msgstr": "Справочник"
    },
    {
        "msgid": "Add",
        "msgstr": "Добавить",
        "msgctxt": null
    },
    {
        "msgctxt": null,
        "msgid": "List",
        "msgstr": "Список"
    },
    {
        "msgid": "SQL",
        "msgstr": null,
        "msgctxt": null
    },
    {
        "msgctxt": null,
        "msgid": "SQL Type",
        "msgstr": "Тип SQL"
    },
    {
        "msgid": "Database",
        "msgstr": "База данных",
        "msgctxt": null
    },
    {
        "msgctxt": null,
        "msgid": "PY Script",
        "msgstr": "PY Скрипт"
    },
    {
        "msgid": "Form",
        "msgstr": "Форма",
        "msgctxt": null
    },
    {
        "msgid": "Type",
        "msgstr": "Тип",
        "msgctxt": null
    },
    {
        "msgid": "Py script",
        "msgstr": "PY Скрипт",
        "msgctxt": null
    },
    {
        "msgid": "Clean application objects cache",
        "msgstr": "Очистить кэш прикладных объектов",
        "msgctxt": null
    }
]