[
    {
        "msgctxt": null,
        "msgid": "Code",
        "msgstr": "Код"
    },
    {
        "msgctxt": null,
        "msgid": "Name",
        "msgstr": "Наименование"
    },
    {
        "msgctxt": null,
        "msgid": "Modified",
        "msgstr": "Изменен"
    },
    {
        "msgctxt": null,
        "msgid": "Refresh",
        "msgstr": "Обновить"
    },
    {
        "msgctxt": null,
        "msgid": "New",
        "msgstr": "Создать"
    },
    {
        "msgctxt": null,
        "msgid": "Create copy",
        "msgstr": "Создать копию"
    },
    {
        "msgctxt": null,
        "msgid": "View",
        "msgstr": "Просмотреть"
    },
    {
        "msgctxt": null,
        "msgid": "Delete",
        "msgstr": "Удалить"
    },
    {
        "msgctxt": null,
        "msgid": "Service",
        "msgstr": "Сервис"
    },
    {
        "msgctxt": null,
        "msgid": "View diagram XML",
        "msgstr": "Просмотр XML"
    },
    {
        "msgctxt": null,
        "msgid": "View lanes XML",
        "msgstr": "Просмотр дорожек XML"
    },
    {
        "msgctxt": null,
        "msgid": "Execute",
        "msgstr": "Выполнить"
    },
    {
        "msgctxt": null,
        "msgid": "Delete all processes",
        "msgstr": "Удалить все процессы"
    },
    {
        "msgctxt": null,
        "msgid": "Tools",
        "msgstr": "Инструмены"
    },
    {
        "msgctxt": null,
        "msgid": "Packages",
        "msgstr": "Пакеты"
    },
    {
        "msgctxt": null,
        "msgid": "History",
        "msgstr": "История"
    },
    {
        "msgctxt": null,
        "msgid": "Filter",
        "msgstr": "Фильтр"
    },
    {
        "msgctxt": null,
        "msgid": "Contains",
        "msgstr": "Содержит"
    },
    {
        "msgctxt": null,
        "msgid": "Clear",
        "msgstr": "Очистить"
    },
    {
        "msgctxt": null,
        "msgid": "Apply",
        "msgstr": "Применить"
    },
    {
        "msgctxt": null,
        "msgid": "Created",
        "msgstr": "Создан"
    },
    {
        "msgctxt": null,
        "msgid": "Performer",
        "msgstr": "Исполнитель"
    },
    {
        "msgctxt": null,
        "msgid": "Assigned",
        "msgstr": "Назначена"
    },
    {
        "msgctxt": null,
        "msgid": "Not Assigned",
        "msgstr": "Не назначена"
    },
    {
        "msgctxt": null,
        "msgid": "State",
        "msgstr": "Состояние"
    },
    {
        "msgctxt": null,
        "msgid": "In Work",
        "msgstr": "В работе"
    },
    {
        "msgctxt": null,
        "msgid": "Take",
        "msgstr": "Принять"
    },
    {
        "msgctxt": null,
        "msgid": "Return",
        "msgstr": "Вернуть"
    },
    {
        "msgctxt": null,
        "msgid": "Reassign",
        "msgstr": "Переназначить"
    },
    {
        "msgctxt": null,
        "msgid": "Today",
        "msgstr": "Сегодня"
    },
    {
        "msgctxt": null,
        "msgid": "Previouse Month",
        "msgstr": "Прошлый месяц"
    },
    {
        "msgctxt": null,
        "msgid": "Current Month",
        "msgstr": "Текущий месяц"
    },
    {
        "msgctxt": null,
        "msgid": "From",
        "msgstr": "С"
    },
    {
        "msgctxt": null,
        "msgid": "To",
        "msgstr": "По"
    },
    {
        "msgctxt": null,
        "msgid": "Process",
        "msgstr": "Процесс"
    },
    {
        "msgctxt": null,
        "msgid": "Initiator",
        "msgstr": "Инициатор"
    },
    {
        "msgctxt": null,
        "msgid": "Completed",
        "msgstr": "Завершен"
    },
    {
        "msgctxt": null,
        "msgid": "Open",
        "msgstr": "Открыть"
    },
    {
        "msgctxt": null,
        "msgid": "Action",
        "msgstr": "Действие"
    },
    {
        "msgctxt": null,
        "msgid": "Open process",
        "msgstr": "Открыть процесс"
    },
    {
        "msgctxt": null,
        "msgid": "Stop process",
        "msgstr": "Остановить процесс"
    },
    {
        "msgctxt": null,
        "msgid": "Delete process",
        "msgstr": "Удалить процесс"
    },
    {
        "msgctxt": null,
        "msgid": "Open parent",
        "msgstr": "Открыть родителя"
    },
    {
        "msgctxt": null,
        "msgid": "Execute now",
        "msgstr": "Выролнить сейчас"
    },
    {
        "msgctxt": null,
        "msgid": "Open diagram",
        "msgstr": "Открыть сценарий"
    },
    {
        "msgctxt": null,
        "msgid": "Token Id",
        "msgstr": null
    },
    {
        "msgctxt": null,
        "msgid": "Active timers",
        "msgstr": "Активные таймеры"
    },
    {
        "msgctxt": null,
        "msgid": "id",
        "msgstr": null
    },
    {
        "msgctxt": null,
        "msgid": "process Id",
        "msgstr": null
    },
    {
        "msgctxt": null,
        "msgid": "flow Id",
        "msgstr": null
    },
    {
        "msgctxt": null,
        "msgid": "Errors only",
        "msgstr": "Только ошибки"
    },
    {
        "msgctxt": null,
        "msgid": "Execution",
        "msgstr": null
    },
    {
        "msgctxt": null,
        "msgid": "Wait Time",
        "msgstr": "Время ожидания"
    },
    {
        "msgctxt": null,
        "msgid": "Initiaior",
        "msgstr": "Инициатор"
    },
    {
        "msgctxt": null,
        "msgid": "Description",
        "msgstr": "Описание"
    },
    {
        "msgctxt": null,
        "msgid": "Process journal",
        "msgstr": "Журнал процесса"
    },
    {
        "msgctxt": null,
        "msgid": "Object Key",
        "msgstr": null
    },
    {
        "msgctxt": null,
        "msgid": "Create workflow copy",
        "msgstr": "Создать копию"
    },
    {
        "msgctxt": null,
        "msgid": "Create",
        "msgstr": "Создать"
    },
    {
        "msgctxt": null,
        "msgid": "Cancel",
        "msgstr": "Отменить"
    },
    {
        "msgctxt": "js",
        "msgid": "Copy of",
        "msgstr": "Копия"
    },
    {
        "msgctxt": null,
        "msgid": "Token details",
        "msgstr": "Детли токена"
    },
    {
        "msgctxt": null,
        "msgid": "Close",
        "msgstr": "Закрыть"
    },
    {
        "msgctxt": null,
        "msgid": "Token",
        "msgstr": "Токен"
    },
    {
        "msgctxt": null,
        "msgid": "Token Attributes",
        "msgstr": "Атрибуты токена"
    },
    {
        "msgctxt": null,
        "msgid": "Process Attributes",
        "msgstr": "Атрибуты процесса"
    },
    {
        "msgctxt": null,
        "msgid": "Candidates",
        "msgstr": "Кандидаты"
    },
    {
        "msgctxt": null,
        "msgid": "Journal",
        "msgstr": "Журнал"
    },
    {
        "msgctxt": null,
        "msgid": "Token information",
        "msgstr": "Информация токена"
    },
    {
        "msgctxt": null,
        "msgid": "process_id",
        "msgstr": null
    },
    {
        "msgctxt": null,
        "msgid": "parent_id",
        "msgstr": null
    },
    {
        "msgctxt": null,
        "msgid": "flow_id",
        "msgstr": null
    },
    {
        "msgctxt": null,
        "msgid": "Сценарий",
        "msgstr": null
    },
    {
        "msgctxt": null,
        "msgid": "Действие",
        "msgstr": null
    },
    {
        "msgctxt": null,
        "msgid": "Stop timer",
        "msgstr": "Остановить таймер"
    },
    {
        "msgctxt": null,
        "msgid": "Confirmation",
        "msgstr": "Подтверждение"
    },
    {
        "msgctxt": null,
        "msgid": "Type",
        "msgstr": "Тип"
    },
    {
        "msgctxt": null,
        "msgid": "Task state",
        "msgstr": "Состояние задачи"
    },
    {
        "msgctxt": null,
        "msgid": "Modify",
        "msgstr": "Изменить"
    },
    {
        "msgctxt": null,
        "msgid": "Scheduled",
        "msgstr": null
    },
    {
        "msgctxt": null,
        "msgid": "Started",
        "msgstr": "Запущен"
    },
    {
        "msgctxt": null,
        "msgid": "Subprocesses",
        "msgstr": "Подпроцессы"
    },
    {
        "msgctxt": null,
        "msgid": "Id",
        "msgstr": null
    },
    {
        "msgctxt": "js",
        "msgid": "Process",
        "msgstr": ""
    },
    {
        "msgctxt": null,
        "msgid": "Error",
        "msgstr": "Ошибка"
    },
    {
        "msgctxt": null,
        "msgid": "Token attributes",
        "msgstr": "Атрибуты токена"
    },
    {
        "msgctxt": null,
        "msgid": "Attribute",
        "msgstr": "Атрибут"
    },
    {
        "msgctxt": null,
        "msgid": "Value",
        "msgstr": "Значение"
    },
    {
        "msgctxt": null,
        "msgid": "Modify token attribute",
        "msgstr": "Изменить атрибуты токена"
    },
    {
        "msgctxt": null,
        "msgid": "Save",
        "msgstr": "Сохранить"
    },
    {
        "msgctxt": null,
        "msgid": "Add",
        "msgstr": "Добавить"
    },
    {
        "msgctxt": null,
        "msgid": "Remove",
        "msgstr": "Исключить"
    },
    {
        "msgctxt": null,
        "msgid": "Remove candidate",
        "msgstr": "Исключить кандидата"
    },
    {
        "msgctxt": "js",
        "msgid": "Remove candidate",
        "msgstr": "Исключить кандидата"
    },
    {
        "msgctxt": "js",
        "msgid": "group",
        "msgstr": "группа"
    },
    {
        "msgctxt": null,
        "msgid": "User",
        "msgstr": "Пользователь"
    },
    {
        "msgctxt": null,
        "msgid": "Group",
        "msgstr": "Группа"
    },
    {
        "msgctxt": null,
        "msgid": "Object journal",
        "msgstr": "Журнал объекта"
    },
    {
        "msgctxt": null,
        "msgid": "Select user",
        "msgstr": "Выбор пользователя"
    },
    {
        "msgctxt": "js",
        "msgid": "Candidates",
        "msgstr": "Кандидаты"
    },
    {
        "msgctxt": "js",
        "msgid": "All users",
        "msgstr": "Все пользователи"
    },
    {
        "msgctxt": null,
        "msgid": "Select",
        "msgstr": "Выбрать"
    },
    {
        "msgctxt": null,
        "msgid": "Token Initiator",
        "msgstr": "Инициатор токена"
    },
    {
        "msgctxt": null,
        "msgid": "Timer",
        "msgstr": "Таймер"
    },
    {
        "msgctxt": null,
        "msgid": "Description template",
        "msgstr": "Шаблон описания"
    },
    {
        "msgctxt": null,
        "msgid": "Execute condition",
        "msgstr": "Условие выполнения"
    },
    {
        "msgctxt": null,
        "msgid": "Execute duration expression",
        "msgstr": "Задержка исполнения"
    },
    {
        "msgctxt": null,
        "msgid": "Repeat on error duration expression",
        "msgstr": "Задержка при ошибке"
    },
    {
        "msgctxt": null,
        "msgid": "Timer mode",
        "msgstr": "Режим таймера"
    },
    {
        "msgctxt": null,
        "msgid": "Events",
        "msgstr": "События"
    },
    {
        "msgctxt": null,
        "msgid": "Internal",
        "msgstr": "Служебные"
    },
    {
        "msgctxt": null,
        "msgid": "Properties",
        "msgstr": "Свойства"
    },
    {
        "msgctxt": null,
        "msgid": "Script",
        "msgstr": "Скрипт"
    },
    {
        "msgctxt": null,
        "msgid": "Log",
        "msgstr": "Журнал"
    },
    {
        "msgctxt": null,
        "msgid": "Identifier",
        "msgstr": "Идентификатор"
    },
    {
        "msgctxt": null,
        "msgid": "Enter template",
        "msgstr": "При создании"
    },
    {
        "msgctxt": null,
        "msgid": "Leave template",
        "msgstr": "При завершении"
    },
    {
        "msgctxt": null,
        "msgid": "Expression",
        "msgstr": "Выражение"
    },
    {
        "msgctxt": null,
        "msgid": "Block to go to",
        "msgstr": "Блок для перехода"
    },
    {
        "msgctxt": null,
        "msgid": "Subprocess",
        "msgstr": "Подпроцесс"
    },
    {
        "msgctxt": null,
        "msgid": "Subprocess expression",
        "msgstr": "Выражение подпроцесса"
    },
    {
        "msgctxt": null,
        "msgid": "Extract result from",
        "msgstr": "Извлечь результат из атрибута"
    },
    {
        "msgctxt": null,
        "msgid": "Store result to",
        "msgstr": "Сохранить результат в атрибут"
    },
    {
        "msgctxt": null,
        "msgid": "Workflow properties",
        "msgstr": "Свойства сценария"
    },
    {
        "msgctxt": null,
        "msgid": "Workflow",
        "msgstr": "Сценарий"
    },
    {
        "msgctxt": null,
        "msgid": "Comment",
        "msgstr": "Коментарий"
    },
    {
        "msgctxt": null,
        "msgid": "Workflow context",
        "msgstr": "Контекст сценария"
    },
    {
        "msgctxt": null,
        "msgid": "Context",
        "msgstr": "Контекст"
    },
    {
        "msgctxt": null,
        "msgid": "Task",
        "msgstr": "Задача"
    },
    {
        "msgctxt": null,
        "msgid": "Deadline",
        "msgstr": "Срок исполнения"
    },
    {
        "msgctxt": null,
        "msgid": "Auto start task",
        "msgstr": "Автозапуск"
    },
    {
        "msgctxt": null,
        "msgid": "Task path",
        "msgstr": "id задачи"
    },
    {
        "msgctxt": null,
        "msgid": "Name template",
        "msgstr": "Шаблон наименования"
    },
    {
        "msgctxt": null,
        "msgid": "Deadline calculation",
        "msgstr": "Расчет срока исполнения"
    },
    {
        "msgctxt": null,
        "msgid": "Calc method",
        "msgstr": "Метод расчета"
    },
    {
        "msgctxt": null,
        "msgid": "Count from",
        "msgstr": "Расчитывать от"
    },
    {
        "msgctxt": null,
        "msgid": "Calculate unit",
        "msgstr": "Считать в"
    },
    {
        "msgctxt": null,
        "msgid": "Count",
        "msgstr": "Количество"
    },
    {
        "msgctxt": null,
        "msgid": "Date",
        "msgstr": "Дата"
    },
    {
        "msgctxt": null,
        "msgid": "Deadline reminder",
        "msgstr": "Напоминание о сроке завершения задачи"
    },
    {
        "msgctxt": null,
        "msgid": "Expired reminder",
        "msgstr": "Напоминание о просроченной задаче"
    },
    {
        "msgctxt": null,
        "msgid": "Process dialog",
        "msgstr": null
    },
    {
        "msgctxt": "js",
        "msgid": "Lane",
        "msgstr": "Дорожка"
    },
    {
        "msgctxt": null,
        "msgid": "Performers",
        "msgstr": "Исполнители"
    },
    {
        "msgctxt": null,
        "msgid": "Notify",
        "msgstr": "Оповещение"
    },
    {
        "msgctxt": null,
        "msgid": "Tasks",
        "msgstr": "Задачи"
    },
    {
        "msgctxt": null,
        "msgid": "Lane",
        "msgstr": "Дорожка"
    },
    {
        "msgctxt": null,
        "msgid": "Process initiator",
        "msgstr": "Инициатор процесса"
    },
    {
        "msgctxt": null,
        "msgid": "Performer expression",
        "msgstr": "Формула Исполнитель"
    },
    {
        "msgctxt": null,
        "msgid": "Group expression",
        "msgstr": "Формула Группа"
    },
    {
        "msgctxt": null,
        "msgid": "Is active",
        "msgstr": "Активно"
    },
    {
        "msgctxt": null,
        "msgid": "Notify condition",
        "msgstr": "Условие информирования"
    },
    {
        "msgctxt": null,
        "msgid": "Notify candidates",
        "msgstr": "Информировать кандидатов"
    },
    {
        "msgctxt": null,
        "msgid": "Notify channel",
        "msgstr": "Канал информирования"
    },
    {
        "msgctxt": null,
        "msgid": "Address expression",
        "msgstr": "Выражение адреса"
    },
    {
        "msgctxt": null,
        "msgid": "Subject template",
        "msgstr": "Шаблон темы"
    },
    {
        "msgctxt": null,
        "msgid": "Message template",
        "msgstr": "Шаблон сообщения"
    },
    {
        "msgctxt": null,
        "msgid": "Write journal",
        "msgstr": "Сохранять в журнал"
    },
    {
        "msgctxt": null,
        "msgid": "Parallel tasks must be completed first",
        "msgstr": "Параллельные задачи должны быть завершены"
    }
]