<?xml version="1.0" ?>
<model id="rule.Rule" name="Rule">
	<task path=""/>
	<description><![CDATA[description['code'] = obj.code
description['name'] = obj.name
description['file_name'] = '%s.%s' % (obj.code, 'json')
description['file_path'] = 'rule'
description['attrs'] = {
    'code': obj.code,
    'name': obj.name,
}
]]></description>
	<export><![CDATA[file['data'] = json.dumps(obj.data, indent=4, ensure_ascii=False).replace('\r', '')
]]></export>
	<import><![CDATA[from apng_core.rule.models import Rule
import json
try:
    obj = Rule.objects.get(code=object_id)
except Rule.DoesNotExist:
    obj = Rule()
    obj.code = object_id

obj.data = json.loads(file_data)
obj.code = object_attrs['code']
obj.name = object_attrs['name']
obj._isImport = True
obj.save()
]]></import>
	<lookup><![CDATA[lookup_field = 'code']]></lookup>
</model>
