{
    "lists": {},
    "forms": {},
    "js": {},
    "methods": {
        "getItemList": {
            "sql": {
                "sqlType": "query",
                "database": "default",
                "sql": "SELECT code, name_en, name_ru, name_combined, resource_url FROM process_type ORDER BY code"
            },
            "script": {}
        }
    },
    "references": {
        "default": {
            "form": {
                "style": {
                    "width": "1000px",
                    "height": "600px"
                },
                "columns": [
                    {
                        "title": "Code",
                        "field": "code",
                        "width": 150
                    },
                    {
                        "title": "Name (English)",
                        "field": "name_en",
                        "width": 200
                    },
                    {
                        "title": "Name (Russian)",
                        "field": "name_ru",
                        "width": 200
                    },
                    {
                        "title": "Combined Name",
                        "field": "name_combined",
                        "flex": 1
                    },
                    {
                        "title": "Resource URL",
                        "field": "resource_url",
                        "width": 300
                    }
                ],
                "keyField": "code",
                "titleField": "name_combined",
                "method": "getItemList",
                "filter": {
                    "className": "vertical",
                    "$": {
                        "code": {
                            "label": "Code",
                            "control": "TextEdit"
                        },
                        "name": {
                            "label": "Name",
                            "control": "TextEdit"
                        }
                    }
                },
                "filterMethod": {
                    "sql": {
                        "sqlType": "script",
                        "database": "default"
                    },
                    "script": {
                        "py": "from apng_core.db import fetchall\n\nSQL = \"\"\"\n    SELECT code, name_en, name_ru, name_combined, resource_url\n    FROM process_type\n    WHERE 1=1\n\"\"\"\n\nparams = {}\n\nif parameters.get('code'):\n    SQL += \" AND UPPER(code) LIKE UPPER(:code)\"\n    params['code'] = f\"%{parameters['code']}%\"\n\nif parameters.get('name'):\n    SQL += \" AND (UPPER(name_en) LIKE UPPER(:name) OR UPPER(name_ru) LIKE UPPER(:name) OR UPPER(name_combined) LIKE UPPER(:name))\"\n    params['name'] = f\"%{parameters['name']}%\"\n\nSQL += \" ORDER BY code\"\n\nwith initDbSession(database='default').cursor() as c:\n    c.execute(SQL, params)\n    data = fetchall(c)\n"
                    }
                }
            },
     "method": {
                "sql": {
                    "sqlType": "query",
                    "database": "colvir_cbs",
                    "sql": "select\n  T_VAL.CODE VAL_CODE,       -- валюта\n  G_ACCBLN.CODE ACC_CODE,    -- корсчетунас\n  G_BNK.CODE BANK,        -- корреспонденткодбанка\n  substr(g_pkgBnk.fGetLongNameBnk_Id(G_BNK.ID),1,250) BANK_NAME\n from \n  T_PROCESS, T_PROCMEM, T_BOP_STAT, T_DEA, T_DEACLS,\n  G_ACCBLN, G_BNK, P_ACCDSC, T_VAL, \n  P_BNKACC, I_BNKREL, I_DEAREL\nwhere\n  I_DEAREL.COR_ID = I_BNKREL.ID\n  and I_BNKREL.ID = P_BNKACC.ID\n  and P_BNKACC.DEP_ID = G_ACCBLN.DEP_ID (+)\n  and P_BNKACC.LINK_ID = G_ACCBLN.ID (+)\n  and P_ACCDSC.ID = P_BNKACC.ACC_ID\n  and T_VAL.ID = P_BNKACC.VAL_ID\n  and I_BNKREL.CLI_ID = G_BNK.ID\n  and I_BNKREL.DEP_ID = T_PROCMEM.DEP_ID and I_BNKREL.ORD_ID = T_PROCMEM.ORD_ID\n  and T_PROCMEM.MAINFL = '1'\n  and T_PROCESS.ID = T_PROCMEM.ID\n  and T_PROCESS.BOP_ID = T_BOP_STAT.ID and T_PROCESS.NSTAT = T_BOP_STAT.NORD\n  and I_BNKREL.DEP_ID = T_DEA.DEP_ID and I_BNKREL.ORD_ID = T_DEA.ID\n  and T_DEA.DCL_ID = T_DEACLS.ID",
                    "params": []
                },
                "script": {}
            }
        }
    }
}
