<workplace code="Мобильное приложение" name="Администратор мобильного приложения">
  <menu name="Мобильное приложение">
    <menu name="МБ. Пользователи" call="mbuser.list" />
    <menu name="МБ. PayNet">
      <menu name="MB. Категории и услуги" call="agg.providers-tree" />
      <menu name="МБ. Обновление справочника" call="agg.update" />
      <menu name="МБ. Категории поставщиков" call="agg.categories" />
      <menu name="МБ. Поставщики" call="agg.providers" />
    </menu>
    <menu name="МБ. Переводы Р2Р">
      <menu name="МП. Конверсия" call="p2p.exc-list" />
      <menu name="Cписок переводов P2P" call="p2p.oper-list" />
      <menu name="МБ. Список переводов P2P в национальной валюте (UZS) по запросу ЦБ" call="p2p.oper-ex-list" />
    </menu>
    <menu name="МБ. Депозиты">
      <menu name="Операции по депозитам" call="deposit.oper-list" />
    </menu>
    <menu name="МБ. Кредиты">
      <menu name="Заявки на погашение" call="credit.loan-app-list" />
    </menu>
    <menu name="МБ. Карты">
      <menu name="Заявки на выпуск\перевыпуск" call="crdopr.reqcrd-list" />
      <menu name="Журнал смены PIN кодов" call="crdopr.change-pin-list" />
      <menu name="Журнал блокировки карт" call="crdopr.block-list" />
      <menu name="Неиспользуемые изображения" call="card.image-list" />
    </menu>
    <menu name="МБ. Платежи">
      <menu name="Платежи PayNet" call="munpay.pay-list" />
      <menu name="Платежи по реквизитам" call="trnjrn.bank-pays" />
    </menu>
    <menu name="MB. Обменные курсы">
      <menu name="Редактирование" call="currency.exchange-rate-list" />
      <menu name="Синхронизация с АБС" call="currency.exchange-rate-list">
        <p name="readOnly" value="on" />
      </menu>
    </menu>
    <menu name="МБ. Точки обслуживания" call="dep.dep-list" />
    <menu name="МБ. Уведомления">
      <menu name="Шаблоны уведомлений" call="adm.notice-text-list" />
      <menu name="Отправить общее уведомление" call="adm.send-notice" />
    </menu>
    <menu name="МБ Конфигурация" call="adm.config-tree" />
    <menu name="MB. Администрирование">
      <menu name="Карты \ переводы">
        <menu name="Настройка лимитов">
          <menu name="Виды лимитов" call="limp2p.types" />
          <menu name="Пакеты лимитов" call="limp2p.packs" />
        </menu>
        <menu name="МБ. Устройства E-POS" call="crdopr.e-pos-device-list" />
        <menu name="Банки" call="card.banks" />
        <menu name="БИНы банков" call="card.bin-list" />
        <menu name="Платежные системы" call="card.paysys-list" />
        <menu name="Тарифные планы" call="tariff.list" />
      </menu>
      <menu name="Параметры" call="mbparams.list" />
      <menu name="Универсальный справочник" call="uniref.list" />
      <menu name="Доступные операции по картам и счетам" call="crdopr.list" />
      <menu name="Журнал действий сотрудников" call="mbparams.prot" />
      <menu name="Очистка кэша продуктов" call="adm.cache-product-clear" />
      <menu name="МБ. Приветственный бонус" call="mbuser.welcome-bonus" />
    </menu>
  </menu>
  <menu name="МБ. Поставщики (дерево)" call="agg.providers-tree" />
  <menu name="МБ. Обновление справочника" call="agg.update" />
</workplace>