{
    "lists": {
        "contextList": {
            "id": "id",
            "getList": "getContextList",
            "columns": {
                "code": {
                    "title": "Code",
                    "width": 340,
                    "sortable": true
                },
                "name": {
                    "title": "Name",
                    "flex": 1,
                    "sortable": true
                },
                "modified": {
                    "title": "Modified",
                    "width": 130,
                    "format": "datetime"
                }
            },
            "actions": [
                {
                    "title": "Refresh",
                    "icon": "refresh",
                    "mini": true,
                    "command": {
                        "type": "standard",
                        "call": "refresh"
                    }
                }
            ]
        }
    },
    "forms": {},
    "js": {},
    "methods": {
        "getContextList": {
            "sql": {},
            "script": {
                "py": "contexts = [\n    {\n        'code': 'AI',\n        \"name\": \"AI helper\",\n        'flows': {\n            'task': {\n                'form': {\n                    'object': 'easyflow_context_ai',\n                    'form': 'editBlockUserTaskForm'\n                }\n            }\n        }\n    },\n    {\n        'code': 'AP',\n        'name': 'Analytic platform',\n        'optionsForm': {\n            'object': 'easyflow_context_ap',\n            'form': 'contextOptionsForm'\n        },\n        'laneForm': {\n            'object': 'easyflow_context_ap',\n            'form': 'editLaneForm'\n        },\n        'flows': {\n            'task': {\n                'form': {\n                    'object': 'easyflow_context_ap',\n                    'form': 'editBlockUserTaskForm'\n                }\n            }\n        }\n    }\n]\n\ndata = [{\n    'id': id(x),\n    **x\n} for x in contexts]\n"
            }
        },
        "getContext": {
            "script": {
                "py": "data = next(filter(lambda x: x['code']==parameters['code'], AO.easyflow_context.getContextList()), None)"
            }
        }
    },
    "references": {
        "contexts": {
            "form": {
                "style": {
                    "width": "1000px",
                    "height": "600px"
                },
                "columns": [
                    {
                        "title": "Code",
                        "field": "code",
                        "width": 320
                    },
                    {
                        "title": "Name",
                        "field": "name",
                        "flex": 1
                    }
                ],
                "primaryKey": "code"
            },
            "method": {
                "script": {
                    "py": "data = AO.easyflow_context.getContextList()"
                }
            }
        }
    }
}