<workplace code="admin" name="Администрирование">
  <menu name="Администрирование">
    <menu name="Пользователи">
      <menu name="Пользователи" call="/aoa/ObjectListTask">
        <p name="object" value="user" />
      </menu>
      <menu name="Рабочие места" call="/aoa/ObjectListTask">
        <p name="object" value="workplace" />
      </menu>
      <menu name="Профили мониторинга задач" call="/aoa/ObjectListTask">
        <p name="object" value="easyflow.taskmanage" />
      </menu>
    </menu>
    <menu name="Объекты">
      <menu name="Измененные объекты" call="/aoa/ObjectListTask">
        <p name="object" value="aos.ModifiedObjects" />
      </menu>
      <menu name="Конфигурация объектов" call="/aoa/ObjectListTask">
        <p name="object" value="aos.ObjectConfig" />
      </menu>
      <menu name="Пакеты" call="/aoa/ObjectListTask">
        <p name="object" value="package" />
      </menu>
    </menu>
    <menu name="Процессы">
      <menu name="Журналы БД" call="/aoa/ObjectListTask">
        <p name="object" value="logs" />
      </menu>
      <menu name="Управление процессами" call="easyflow/process-list" />
      <menu name="Управление таймерами" call="/aoa/ObjectTask">
        <p name="object" value="easyflow" />
        <p name="form" value="activeTimersTask" />
      </menu>
      <menu name="Время выполнения задач" call="/template/eval">
        <p name="template" value="easyflow.exectime" />
      </menu>
      <menu name="Активные таймеры" call="/template/eval">
        <p name="template" value="easyflow.activetimers" />
      </menu>
    </menu>
    <menu name="Система">
      <menu name="Правила" call="/aoa/ObjectListTask">
        <p name="object" value="rule" />
        <p name="list" value="ruleList" />
      </menu>
      <menu name="Процессы uwsgi" call="/aoa/ObjectTask">
        <p name="object" value="uwsgi" />
        <p name="form" value="workersTask" />
      </menu>
      <menu name="Настройки" call="/aoa/ObjectTask">
        <p name="object" value="settings" />
        <p name="form" value="editSettingsTask" />
      </menu>
      <menu name="Обновление" call="/aoa/ObjectTask">
        <p name="object" value="update" />
        <p name="form" value="updateTask" />
      </menu>
      <menu name="Планировщик заданий" call="/aoa/ObjectListTask">
        <p name="object" value="cron" />
      </menu>
      <menu name="Сброс кэша" call="/aoa/ObjectTask">
        <p name="object" value="aoa" />
        <p name="form" value="cleanCacheTask" />
      </menu>
    </menu>
  </menu>
</workplace>