{
    "lists": {
        "typeList": {
            "getList": "getTypeList",
            "columns": {
                "code": {
                    "title": "Code",
                    "width": 150
                },
                "name_en": {
                    "title": "Name En",
                    "flex": 1
                },
                "name_ru": {
                    "title": "Name Ru",
                    "flex": 1
                },
                "attributes_table": {
                    "title": "Attributes Table",
                    "width": 200
                }
            },
            "id": "code",
            "actions": [
                {
                    "title": "Refresh",
                    "icon": "refresh",
                    "mini": true,
                    "command": {
                        "type": "standard",
                        "call": "refresh"
                    }
                },
                {
                    "title": "Add",
                    "icon": "add",
                    "command": {
                        "type": "task",
                        "call": "/aoa/ObjectTask",
                        "title": "New Document Type",
                        "params": {
                            "object": "processManagement",
                            "form": "editType",
                            "objectKey": null
                        }
                    }
                },
                {
                    "title": "Edit",
                    "icon": "edit",
                    "command": {
                        "type": "task",
                        "call": "/aoa/ObjectTask",
                        "title$": "`Edit Type: ${$listRow.code}`",
                        "params": {
                            "object": "processManagement",
                            "form": "editType",
                            "objectKey$": "{code: $listRow.code}"
                        }
                    },
                    "disabled$": "!$listRow"
                },
                {
                    "title": "Delete",
                    "icon": "delete",
                    "command": {
                        "type": "js",
                        "js": "backend.post('/aoa/execObjectMethod', {object: 'processManagement', method: 'deleteType', params: {code: $listRow.code}}).then(()=>forceRefreshList())"
                    },
                    "confirm": {
                        "message$": "`Delete type '${$listRow.code}'?`",
                        "yes": "Yes",
                        "no": "No"
                    },
                    "disabled$": "!$listRow"
                }
            ]
        },
        "stateList": {
            "getList": "getStateList",
            "getRowStyle": "{background: data?.color_code}",
            "columns": {
                "type_code": {
                    "title": "Type",
                    "width": 150
                },
                "code": {
                    "title": "State Code",
                    "width": 150
                },
                "name_ru": {
                    "title": "Name",
                    "flex": 1
                },
                "color_code": {
                    "title": "Color",
                    "width": 100
                },
                "allow_edit": {
                    "title": "Edit",
                    "width": 80,
                    "control": "checkbox",
                    "readonly": true
                },
                "allow_delete": {
                    "title": "Delete",
                    "width": 80,
                    "control": "checkbox",
                    "readonly": true
                }
            },
            "id": "id",
            "actions": [
                {
                    "title": "Refresh",
                    "icon": "refresh",
                    "mini": true,
                    "command": {
                        "type": "standard",
                        "call": "refresh"
                    }
                },
                {
                    "title": "Add",
                    "icon": "add",
                    "command": {
                        "type": "task",
                        "call": "/aoa/ObjectTask",
                        "title": "New State",
                        "params": {
                            "object": "processManagement",
                            "form": "editState",
                            "objectKey": null,
                            "params$": "task.params.listParams"
                        }
                    }
                },
                {
                    "title": "Edit",
                    "icon": "edit",
                    "command": {
                        "type": "task",
                        "call": "/aoa/ObjectTask",
                        "title$": "`Edit State: ${$listRow.code}`",
                        "params": {
                            "object": "processManagement",
                            "form": "editState",
                            "objectKey$": "{id: $listRow.id}"
                        }
                    },
                    "disabled$": "!$listRow"
                },
                {
                    "title": "Delete",
                    "icon": "delete",
                    "command": {
                        "type": "js",
                        "js": "backend.post('/aoa/execObjectMethod', {object: 'processManagement', method: 'deleteState', params: {id: $listRow.id}}).then(()=>forceRefreshList())"
                    },
                    "confirm": {
                        "message$": "`Delete state '${$listRow.code}'?`",
                        "yes": "Yes",
                        "no": "No"
                    },
                    "disabled$": "!$listRow"
                }
            ]
        },
        "operationList": {
            "getList": "getOperationList",
            "columns": {
                "type_code": {
                    "title": "Type",
                    "width": 150
                },
                "code": {
                    "title": "Operation Code",
                    "width": 150
                },
                "name_combined": {
                    "title": "Name",
                    "flex": 1
                },
                "move_to_state_script": {
                    "title": "To State",
                    "width": 300
                },
                "resource_url": {
                    "title": "Procedure",
                    "flex": 1
                }
            },
            "id": "id",
            "actions": [
                {
                    "title": "Refresh",
                    "icon": "refresh",
                    "mini": true,
                    "command": {
                        "type": "standard",
                        "call": "refresh"
                    }
                },
                {
                    "title": "Add",
                    "icon": "add",
                    "command": {
                        "type": "task",
                        "call": "/aoa/ObjectTask",
                        "title": "New Operation",
                        "params": {
                            "object": "processManagement",
                            "form": "editOperation",
                            "objectKey": null,
                            "params$": "task.params.listParams"
                        }
                    }
                },
                {
                    "title": "Edit",
                    "icon": "edit",
                    "command": {
                        "type": "task",
                        "call": "/aoa/ObjectTask",
                        "title$": "`Edit Operation: ${$listRow.code}`",
                        "params": {
                            "object": "processManagement",
                            "form": "editOperation",
                            "objectKey$": "{id: $listRow.id}"
                        }
                    },
                    "disabled$": "!$listRow"
                },
                {
                    "title": "Delete",
                    "icon": "delete",
                    "command": {
                        "type": "js",
                        "js": "backend.post('/aoa/execObjectMethod', {object: 'processManagement', method: 'deleteOperation', params: {id: $listRow.id}}).then(()=>forceRefreshList())"
                    },
                    "confirm": {
                        "message$": "`Delete operation '${$listRow.code}'?`",
                        "yes": "Yes",
                        "no": "No"
                    },
                    "disabled$": "!$listRow"
                }
            ],
            "events": {
                "onTaskCreated": [
                    {
                        "js": "console.log('task', task);"
                    }
                ]
            }
        }
    },
    "forms": {
        "editType": {
            "title": "Document Type",
            "className": "vertical",
            "style": {
                "width": "600px",
                "padding": "16px"
            },
            "$": {
                "@fields": {
                    "className": "vertical",
                    "$": {
                        "code": {
                            "label": "Code",
                            "control": "TextEdit",
                            "required": true,
                            "readOnly$": "!!mem.original_code"
                        },
                        "name_en": {
                            "label": "English Name",
                            "control": "TextEdit",
                            "required": true
                        },
                        "name_ru": {
                            "label": "Russian Name",
                            "control": "TextEdit",
                            "required": true
                        },
                        "attributes_table": {
                            "label": "Attributes Table",
                            "control": "TextEdit",
                            "required": true
                        }
                    }
                },
                "@buttons": {
                    "className": "horizontal",
                    "style": {
                        "justifyContent": "flex-end",
                        "marginTop": "16px"
                    },
                    "$": {
                        "btnCancel": {
                            "label": "Cancel",
                            "control": "Button",
                            "controlProps": {
                                "variant": "outlined"
                            },
                            "action": {
                                "js": "frontend.closeTask()"
                            }
                        },
                        "btnSave": {
                            "label": "Save",
                            "control": "Button",
                            "controlProps": {
                                "variant": "contained",
                                "color": "primary"
                            },
                            "action": [
                                {
                                    "js": "if (!validate()) throw 'Validation failed'"
                                },
                                {
                                    "js": "return backend.post('/aoa/execObjectMethod', {object: 'processManagement', method: 'saveType', params: {...mem, 'parent_id': task.params.parent_id}})"
                                },
                                {
                                    "js": "frontend.closeTask()"
                                }
                            ]
                        }
                    }
                }
            },
            "actions": {
                "onTaskCreated": [
                    {
                        "js": "if ( task.params?.code) { return backend.post('/aoa/execObjectMethod', {object: 'processManagement', method: 'getType', params: task.params}).then((r) => { Object.assign(mem, r); mem.original_code = r.code; forceUpdate(); }); }"
                    }
                ]
            }
        },
        "editState": {
            "title": "Document State",
            "className": "vertical",
            "style": {
                "width": "600px",
                "padding": "16px"
            },
            "$": {
                "@fields": {
                    "className": "vertical",
                    "$": {
                        "type_code": {
                            "label": "Type",
                            "style": {
                                "width": "250px"
                            },
                            "control": "ObjectReference",
                            "controlProps": {
                                "object": "processType"
                            },
                            "required": true,
                            "actions": {
                                "onChange": [
                                    {
                                        "js": "const copy = { ...params.row }; console.log(mem); mem.snd_mid_bank = copy.BANK; mem.snd_mid_bank_acc_val = copy.VAL_CODE; mem.snd_mid_bank_acc = copy.ACC_CODE; mem.snd_mid_bank_name = copy.BANK_NAME;  "
                                    }
                                ]
                            }
                        },
                        "code": {
                            "label": "State Code",
                            "control": "TextEdit",
                            "required": true,
                            "readOnly$": "!!mem.original_code"
                        },
                        "name_en": {
                            "label": "English Name",
                            "control": "TextEdit",
                            "required": true
                        },
                        "name_ru": {
                            "label": "Russian Name",
                            "control": "TextEdit",
                            "required": true
                        },
                        "color_code": {
                            "label": "Color Code (hex)",
                            "control": "TextEdit",
                            "placeholder": "#RRGGBB"
                        },
                        "operation_list_script": {
                            "label": "List of Available Operartions",
                            "control": "TextEdit",
                            "controlProps": {
                                "multiline": true,
                                "minRows": 3
                            }
                        },
                        "@flags": {
                            "className": "horizontal",
                            "$": {
                                "allow_edit": {
                                    "label": "Allow Edit",
                                    "control": "Checkbox"
                                },
                                "allow_delete": {
                                    "label": "Allow Delete",
                                    "control": "Checkbox"
                                }
                            }
                        }
                    }
                },
                "@buttons": {
                    "className": "horizontal",
                    "style": {
                        "justifyContent": "flex-end",
                        "marginTop": "16px"
                    },
                    "$": {
                        "btnCancel": {
                            "label": "Cancel",
                            "control": "Button",
                            "controlProps": {
                                "variant": "outlined"
                            },
                            "action": {
                                "js": "frontend.closeTask()"
                            }
                        },
                        "btnSave": {
                            "label": "Save",
                            "control": "Button",
                            "controlProps": {
                                "variant": "contained",
                                "color": "primary"
                            },
                            "action": [
                                {
                                    "js": "if (!validate()) throw 'Validation failed'"
                                },
                                {
                                    "js": "return backend.post('/aoa/execObjectMethod', {object: 'processManagement', method: 'saveState', params: mem})"
                                },
                                {
                                    "js": "frontend.closeTask()"
                                }
                            ]
                        }
                    }
                }
            },
            "actions": {
                "onTaskCreated": [
                    {
                        "js": "console.log('asasasas', task.params); if ( task.params?.objectKey?.id) { return backend.post('/aoa/execObjectMethod', {object: 'processManagement', method: 'getState', params: task.params.objectKey}).then((r) => { Object.assign(mem, r); forceUpdate(); }); } else{Object.assign(mem,   task.params.params);forceUpdate();}"
                    }
                ]
            }
        },
        "editOperation": {
            "title": "Document Operation",
            "className": "vertical",
            "style": {
                "width": "700px",
                "padding": "16px"
            },
            "$": {
                "@fields": {
                    "className": "vertical",
                    "style": {
                        "paddingRight": "8px",
                        "marginTop": "16px",
                        "justifyContent": "flex-end"
                    },
                    "$": {
                        "@type": {
                            "className": "horizontal",
                            "$": {
                                "type_code": {
                                    "label": "Type",
                                    "style": {
                                        "width": "250px"
                                    },
                                    "control": "ObjectReference",
                                    "controlProps": {
                                        "object": "processType"
                                    },
                                    "required": true,
                                    "actions": {
                                        "onChange": [
                                            {
                                                "js": "const copy = { ...params.row }; console.log(mem); mem.type_code = copy.code;  mem.type_name = copy.name_ru; console.log('MM', mem);  "
                                            }
                                        ]
                                    }
                                },
                                "type_name": {
                                    "label": "Name",
                                    "style": {
                                        "width": "860px"
                                    },
                                    "control": "TextEdit",
                                    "readOnly$": "true;"
                                }
                            }
                        },
                        "code": {
                            "label": "Operation Code",
                            "control": "TextEdit",
                            "required": true,
                            "readOnly$": "!!mem.id"
                        },
                        "name_en": {
                            "label": "English Name",
                            "control": "TextEdit",
                            "required": true
                        },
                        "name_ru": {
                            "label": "Russian Name",
                            "control": "TextEdit",
                            "required": true
                        },
                        "resource_url": {
                            "label": "DB Procedure",
                            "control": "TextEdit",
                            "controlProps": {
                                "multiline": true,
                                "minRows": 1
                            }
                        },
                        "database": {
                            "label": "Database",
                            "control": "TextEdit",
                            "placeholder": "Database name (default: default)"
                        },
                        "availability_condition": {
                            "label": "Availability Condition (JSON)",
                            "control": "TextEdit-",
                            "controlProps": {
                                "multiline": true,
                                "minRows": 1
                            }
                        },
                        "move_to_state_script": {
                            "label": "Move to State (Python)",
                            "control": "TextEdit",
                            "controlProps": {
                                "multiline": true,
                                "minRows": 1
                            }
                        },
                        "workflow": {
                            "label": "workflow",
                            "control": "TextEdit"
                        }
                    }
                },
                "@buttons": {
                    "className": "horizontal",
                    "style": {
                        "justifyContent": "flex-end",
                        "marginTop": "16px"
                    },
                    "$": {
                        "btnCancel": {
                            "label": "Cancel",
                            "control": "Button",
                            "controlProps": {
                                "variant": "outlined"
                            },
                            "action": {
                                "js": "frontend.closeTask()"
                            }
                        },
                        "btnSave": {
                            "label": "Save",
                            "control": "Button",
                            "controlProps": {
                                "variant": "contained",
                                "color": "primary"
                            },
                            "action": [
                                {
                                    "js": "if (!validate()){throw 'Abort';}"
                                },
                                {
                                    "js": "return backend.post('/aoa/execObjectMethod', {object: 'processManagement', method: 'saveOperation', params: mem})"
                                },
                                {
                                    "js": "frontend.closeTask()"
                                }
                            ]
                        }
                    }
                }
            },
            "actions": {
                "onTaskCreated": [
                    {
                        "js": "console.log('asasasas', task.params);  if ( task.params?.objectKey?.id) { return backend.post('/aoa/execObjectMethod', {object: 'processManagement', method: 'getOperation', params: task.params.objectKey}).then((r) => { Object.assign(mem, r); forceUpdate(); }); } else{Object.assign(mem,   task.params.params);forceUpdate();}"
                    }
                ]
            }
        },
        "operInnerList": {
            "title": "Залоги",
            "className": "vertical",
            "$": {
                ".ap": {
                    "control": "ActionPanel",
                    "controlOpts": {
                        "actions": [
                            {
                                "title": "Добавить",
                                "icon": "add",
                                "split": true,
                                "actions$x": "context.oper?.map?.((t)=>{console.log('selected oper', t, 'mem', mem);return {title: t.name_ru, command: ()=>{console.log('ctx', context);backend.post('/aoa/execObjectMethod', {object: 'processManagement', method: 'saveStateOper', params: { state_id: mem.id, operation_id: t.id}}).then((r)=>{console.log('rrr', r);mem.oper=[{id: 1, name: '11111'}]; mem.oper = [...mem.oper]; forceUpdate();})}}}); ",
                                "actions$": "context.oper?.map?.((t)=>{console.log('selected oper', t, 'mem', mem);return {title: t.name_ru, command: ()=>{console.log('t', t); action({name: 'addAction', params: {operation_id: t.id, state_id: mem.id,name: t.name_ru}})}}})",
                                "disabled$": "isReadOnly"
                            },
                            {
                                "title": "Удалить",
                                "icon": "delete",
                                "mini": true,
                                "action": {
                                    "name": "deletePledge",
                                    "confirm": {
                                        "title": "Удаление",
                                        "message$": "`Удалить объект обеспечения ${context.selectedOper.description||context.selectedOper.ens_name}`",
                                        "yes": "Да",
                                        "no": "Нет"
                                    }
                                },
                                "disabled$": "isReadOnly || !context.selectedOper ||context.selectedOper?.isObjectOfCredit"
                            }
                        ]
                    }
                },
                "|oper": {
                    "className": "vertical",
                    "style": {
                        "marginBottom": "4px"
                    },
                    "control": "ListTable",
                    "controlProps": {
                        "context$": "context"
                    },
                    "controlOpts": {
                        "columns!": {
                            "name": {
                                "label": "Операция",
                                "flex": 1
                            }
                        }
                    },
                    "actions": {
                        "onRowDoubleClicked": {
                            "name": "viewPledge",
                            "params": {
                                "client$": "params.client"
                            }
                        }
                    }
                }
            },
            "actions": {
                "addAction": [
                    {
                        "js": "console.log('addAction', params);"
                    },
                    {
                        "js": "backend.post('/aoa/execObjectMethod', {object: 'processManagement', method: 'saveStateOper', params: { state_id: mem.id, operation_id: params.operation_id}}).then((r)=>{ mem.oper.push(params);mem.oper = [...mem.oper]; forceUpdate();})"
                    }
                ],
                "viewPledge": {
                    "js": "frontend.dialog({object: 'processManagement', form: 'operAnyDialog', mem: {oper: {...context.selectedOper}}, params: params});"
                },
                "onSavePledge": {
                    "js": ""
                },
                "addOper": {
                    "js": "backend.post('/aoa/execObjectMethod', {object: 'processManagement', method: 'saveStateOper', params: { state_id: mem.id, operation_id: t.id}}).then((r)=>{console.log('MMM', mem);mem.oper=[{id: 1, name: '111112'}]; mem.oper = [...mem.oper]; forceUpdate();})}}}); "
                },
                "deletePledge": {
                    "js": "console.log('sel', context.selectedOper); backend.post('/aoa/execObjectMethod', {object: 'processManagement', method: 'deleteStateOper', params: { state_id: context.selectedOper.state_id, operation_id: context.selectedOper.operation_id}}).then((r)=>{mem.oper.splice(mem.oper.indexOf(context.selectedOper), 1); mem.oper = [...mem.oper]; context.selectedOper = null; forceUpdate();})"
                },
                "closeDialog": {
                    "js": "dialog.actions.close();"
                },
                "onSelectionChanged": {
                    "js": "context.selectedOper = selectedRow;"
                },
                "onElementCreated": [
                    {
                        "js": "return backend.post('/aoa/execObjectMethod', {object: 'processManagement', method: 'getOperationList', params: {mem}}, {useCache: true}).then(r => { console.log(r); context.oper=r.filter((t)=>1==1); console.log('mem.oper', mem.oper); forceUpdate(); });",
                        "disableUpdate": true
                    }
                ]
            }
        },
        "operAnyDialog": {
            "title$": "`Операция: ${mem.oper?.name}`",
            "className": "vertical",
            "style": {
                "overflow": "hidden"
            },
            "$": {
                "@fields": {
                    "className": "vertical",
                    "style": {
                        "paddingTop": "8px",
                        "overflowY": "auto"
                    },
                    "$": {
                        "pledge": {
                            "className": "vertical",
                            "$": {
                                "@enscode": {
                                    "className": "horizontal",
                                    "$": {
                                        "ens_code": {
                                            "label": "Вид обеспечения",
                                            "style": {
                                                "width": "280px"
                                            },
                                            "control": "ObjectReference",
                                            "controlProps": {
                                                "object": "pledgeType",
                                                "reference": "default",
                                                "textReadOnly": true
                                            },
                                            "controlOpts": {
                                                "referenceParams": {
                                                    "baseType$": "mem.baseType"
                                                }
                                            },
                                            "required": true,
                                            "actions": {
                                                "onChange": {
                                                    "name": "onChangeEnsCode"
                                                }
                                            }
                                        },
                                        "ens_name": {
                                            "style": {
                                                "width": "560px"
                                            },
                                            "control": "TextEdit",
                                            "readOnly": true
                                        }
                                    }
                                },
                                "@pledgeDetail": {
                                    "form$": "`pledge-${mem.type}-Form`",
                                    "visible$": "!!mem.type"
                                }
                            }
                        }
                    },
                    "readOnly$": "!!mem.pledge.isObjectOfCredit || params.readOnly",
                    "actions": {
                        "onChangeEnsCode": {
                            "js": "mem.pledge.ens_name=params.row.name;"
                        }
                    }
                },
                "@buttons": {
                    "className": "horizontal",
                    "style": {
                        "justifyContent": "end"
                    },
                    "$": {
                        ".btnCancel": {
                            "label": "Отменить",
                            "control": "Button",
                            "controlProps": {
                                "variant": "outlined",
                                "color": "primary"
                            },
                            "action": {
                                "js": "actions.close();",
                                "disableUpdate": true
                            }
                        },
                        ".btnApply": {
                            "label": "Сохранить",
                            "control": "Button",
                            "controlProps": {
                                "variant": "contained",
                                "color": "primary"
                            },
                            "readOnly$": "!!mem.pledge.isObjectOfCredit || params.readOnly",
                            "action": [
                                {
                                    "js": "if (!validate()){throw 'Abort';}"
                                },
                                {
                                    "name": "onSavePledge",
                                    "params": {
                                        "pledge$": "mem.pledge"
                                    }
                                },
                                {
                                    "js": "actions.close();",
                                    "disableUpdate": true
                                }
                            ]
                        }
                    }
                }
            },
            "actions": {
                "onElementCreated": {
                    "js": "backend.post('/aoa/execObjectMethod', {object: 'settings', method: 'get'}, {useCache: true, silent: true}).then(r=>{context.myIdVisible = r?.loanapp?.identifyMyId; context.identifyPin = r?.loanapp?.identifyPin; forceUpdate();})"
                }
            }
        },
        "operForm": {
            "title": "Орпеации",
            "className": "vertical",
            "$": {
                "@oper": {
                    "title": "Операции",
                    "titleClass": "navigated-title",
                    "className": "vertical navigated-content",
                    "style": {
                        "width": "860px"
                    },
                    "$": {
                        "@list": {
                            "object": "processManagement",
                            "form": "operInnerList"
                        }
                    },
                    "actions": {
                        "refresh": {
                            "js": ";"
                        }
                    }
                }
            }
        },
        "treeType": {
            "title": "Document Type",
            "className": "task task-panel panel vertical",
            "$": {
                "@actionPanel": {
                    "control": "ActionPanel",
                    "controlOpts": {
                        "actions": [
                            {
                                "title": "Refresh",
                                "icon": "refresh",
                                "mini": true,
                                "action": {
                                    "name": "refresh"
                                }
                            },
                            {
                                "title": "Add",
                                "icon": "add",
                                "mini": true,
                                "action": {
                                    "command": {
                                        "type": "task",
                                        "call": "/aoa/ObjectTask",
                                        "params": {
                                            "object": "processManagement",
                                            "form": "editType",
                                            "parent_id$": "",
                                            "title": "Add Root Type"
                                        }
                                    }
                                }
                            },
                            {
                                "title": "Add Child",
                                "icon": "account-tree",
                                "mini": true,
                                "action": {
                                    "command": {
                                        "type": "task",
                                        "call": "/aoa/ObjectTask",
                                        "params": {
                                            "object": "processManagement",
                                            "form": "editType",
                                            "parent_id$": "context.selectedRow.id",
                                            "title": "Add child"
                                        }
                                    }
                                },
                                "disabled$": "!(context.selectedRow?.parent_id === null)"
                            },
                            {
                                "title": "View",
                                "icon": "view",
                                "mini": true,
                                "action": {
                                    "command": {
                                        "type": "task",
                                        "call": "/aoa/ObjectTask",
                                        "params": {
                                            "object": "processManagement",
                                            "form": "editType",
                                            "code$": "context.selectedRow.code",
                                            "title$": "`Type ${context.selectedRow.code}`"
                                        }
                                    }
                                },
                                "disabled$": "!context.selectedRow"
                            },
                            {
                                "title": "Delete",
                                "icon": "delete",
                                "mini": true,
                                "action": {
                                    "name": "delete"
                                },
                                "disabled$": "!(context?.selectedRow)"
                            },
                            {
                                "title": "Operations",
                                "icon": "view",
                                "mini": false,
                                "action": {
                                    "command": {
                                        "type": "task",
                                        "call": "/aoa/ObjectListTask",
                                        "params": {
                                            "object": "processManagement",
                                            "list": "operationList",
                                            "code$": "context.selectedRow.code",
                                            "listParams$": "{type_id: context.selectedRow.id, type_code: context.selectedRow.code, type_name: context.selectedRow.name_ru}",
                                            "title$": "`${context.selectedRow.code} operations`"
                                        }
                                    }
                                },
                                "disabled$": "!context.selectedRow"
                            },
                            {
                                "title": "States",
                                "icon": "view",
                                "mini": false,
                                "action": {
                                    "command": {
                                        "type": "task",
                                        "call": "/aoa/ObjectListTask",
                                        "params": {
                                            "object": "processManagement",
                                            "list": "stateList",
                                            "code$": "context.selectedRow.code",
                                            "listParams$": "{type_id: context.selectedRow.id, type_code: context.selectedRow.code, type_name: context.selectedRow.name_ru}",
                                            "title$": "`${context.selectedRow.code} states`"
                                        }
                                    }
                                },
                                "disabled$": "!context.selectedRow"
                            }
                        ]
                    }
                },
                "|packages": {
                    "control": "ListTable",
                    "style": {
                        "overflowY": "auto"
                    },
                    "controlProps": {
                        "listContext$": "(()=>{context.pctx=context.pctx||{}; return context.pctx;})()",
                        "gridOptions": {
                            "getRowNodeId$": "(data) => {return data.id}",
                            "treeData": true,
                            "getDataPath$": "(data) => {return data.path}",
                            "groupDefaultExpanded": -1,
                            "autoGroupColumnDef": {
                                "headerName": "Код",
                                "flex": 2,
                                "valueGetter$": "(p) => {return p.data?.code}",
                                "cellRendererParams": {
                                    "suppressCount": true
                                }
                            }
                        }
                    },
                    "controlOpts": {
                        "columns!": {
                            "name_ru": {
                                "label": "Наименование",
                                "flex": 1
                            }
                        }
                    }
                }
            },
            "actions": {
                "onTaskCreated": {
                    "js": "backend.post('/aoa/execObjectMethod', {object: 'processManagement', method: 'getTypeTree', params: {}}).then((r)=>{ mem.packages = r; forceUpdate();});"
                },
                "onSelectionChanged": {
                    "js": "context.selectedRow = selectedRow;"
                },
                "refresh": {
                    "js": "backend.post('/aoa/execObjectMethod', {object: 'processManagement', method: 'getTypeTree', params: {}}).then((r)=>{ mem.packages = r; forceUpdate();});"
                },
                "delete": {
                    "js": "backend.post('/aoa/execObjectMethod', {object: 'processManagement', method: 'deleteType', params: {id: context.selectedRow.id}}).then((r)=>{mem.packages.splice(mem.packages.indexOf(context.selectedRow), 1); forceUpdate();backend.post('/aoa/execObjectMethod', {object: 'processManagement', method: 'getTypeTree', params: {}}).then((r)=>{ mem.packages = r; forceUpdate();});});"
                },
                "addGroup": {
                    "js": "frontend.dialog({object: 'processManagement', form: 'editType', mem: {}, params: {parent_id: ''}})"
                },
                "closeDialog": {
                    "js": "dialog.actions.close();"
                }
            }
        }
    },
    "methods": {
        "getTypeList": {
            "script": {
                "py": "from apng_core.db import fetchall\n\nSQL = \"\"\"\n    SELECT code, name_en, name_ru, name_combined, resource_url, attributes_table\n    FROM process_type\n    ORDER BY code\n\"\"\"\n\nwith initDbSession(database='default').cursor() as c:\n    c.execute(SQL)\n    data = fetchall(c)\n"
            },
            "sql": {}
        },
        "getType": {
            "script": {
                "py": "from apng_core.db import fetchone\n\n#raise Exception (parameters)\nSQL = \"\"\"\n    SELECT code, name_en, name_ru, attributes_table\n    FROM process_type\n    WHERE code = %(code)s\n\"\"\"\n\nwith initDbSession(database='default').cursor() as c:\n    c.execute(SQL, parameters)\n    data = fetchone(c)\n"
            },
            "sql": {}
        },
        "saveType": {
            "script": {
                "py": "from apng_core.db import fetchone\n\nSQL = \"\"\"\n    INSERT INTO process_type (code, name_en, name_ru, parent_id, attributes_table)\n    VALUES (%(code)s, %(name_en)s, %(name_ru)s, %(parent_id)s, %(attributes_table)s)\n    ON CONFLICT (code) DO UPDATE SET\n        name_en = EXCLUDED.name_en,\n        name_ru = EXCLUDED.name_ru,\n        parent_id = EXCLUDED.parent_id,\n        attributes_table = EXCLUDED.attributes_table\n    RETURNING id\n\"\"\"\nif 'parent_id' not in parameters:\n    parameters['parent_id'] = None\n    \nwith initDbSession(database='default').cursor() as c:\n    c.execute(SQL, parameters)\n    data = fetchone(c)\n"
            }
        },
        "deleteType": {
            "script": {
                "py": "SQL = \"\"\"\n    DELETE FROM process_type WHERE id = %(id)s\n\"\"\"\n\nwith initDbSession(database='default').cursor() as c:\n    c.execute(SQL, parameters)\n    data = {'success': True}\n"
            }
        },
        "getStateList": {
            "script": {
                "py": "from apng_core.db import fetchall\nSQL = \"\"\"\n    SELECT p.*, s.code type_code, s.name_ru type_name\n    FROM process_state p , process_type  s\n    where p.type_id = %(type_id)s\n    and p.type_id = s.id\n    ORDER BY code\n\"\"\"\nwith initDbSession(database='default').cursor() as c:\n    c.execute(SQL, parameters.get('listParams'))\n    data = fetchall(c)"
            },
            "sql": {}
        },
        "getState": {
            "script": {
                "py": "from apng_core.db import fetchone, fetchall\n\nSQL = \"\"\"\n    SELECT s.*, t.code type_code\n    FROM process_state s, process_type t\n    WHERE s.id = %(id)s \n    and  s.type_id = t.id\n\"\"\"\n\nwith initDbSession(database='default').cursor() as c:\n    c.execute(SQL, parameters)\n    data = fetchone(c)\n"
            },
            "sql": {}
        },
        "saveState": {
            "script": {
                "py": "from apng_core.db import fetchone\n\nSQL = \"\"\"\n    INSERT INTO process_state \n        (type_id, code, name_en, name_ru, color_code, allow_edit, allow_delete, operation_list_script)\n    VALUES \n        (%(type_id)s, %(code)s, %(name_en)s, %(name_ru)s, \n         %(color_code)s, %(allow_edit)s, %(allow_delete)s, %(operation_list_script)s)\n    ON CONFLICT (type_id, code) DO UPDATE SET\n        name_en = EXCLUDED.name_en,\n        name_ru = EXCLUDED.name_ru,\n        color_code = EXCLUDED.color_code,\n        allow_edit = EXCLUDED.allow_edit,\n        allow_delete = EXCLUDED.allow_delete,\n        operation_list_script = EXCLUDED.operation_list_script\n    RETURNING type_id, code\n\"\"\"\n\nparameters['color_code'] = parameters.get('color_code')\nparameters['allow_edit'] = parameters.get('allow_edit')\nparameters['allow_delete'] = parameters.get('allow_delete')\nparameters['operation_list_script'] = parameters.get('operation_list_script')\n\nwith initDbSession(database='default').cursor() as c:\n    c.execute(SQL, parameters)\n    data = fetchone(c)\n"
            },
            "sql": {}
        },
        "deleteState": {
            "script": {
                "py": "SQL = \"\"\"\n    DELETE FROM process_state \n    WHERE id = %(id)s\n\"\"\"\n\nwith initDbSession(database='default').cursor() as c:\n    c.execute(SQL, parameters)"
            }
        },
        "getOperationList": {
            "script": {
                "py": "from apng_core.db import fetchall\nfrom apng_core.aoa.services import filter as aoa\n\nSQL = \"\"\"\n    SELECT id, type_id, code, name_en, name_ru, \n           icon, resource_url, availability_condition, move_to_state_script\n    FROM process_operation\n    where type_id = %(type_id)s\n    ORDER BY code\n\"\"\"\n#raise Exception(parameters)\nwith initDbSession(database='default').cursor() as c:\n    c.execute(SQL, parameters.get('listParams'))\n    data = fetchall(c)\n"
            },
            "sql": {}
        },
        "getOperation": {
            "script": {
                "py": "from apng_core.db import fetchone, fetchall\n\nSQL = \"\"\"\n    SELECT o.*, t.code type_code, t.name_ru type_name\n    FROM process_operation o, process_type t\n    WHERE o.id = %(id)s\n    and t.id = o.type_id\n\"\"\"\n\n\nwith initDbSession(database='default').cursor() as c:\n    c.execute(SQL, parameters)\n    data = fetchone(c)\n    "
            },
            "sql": {}
        },
        "saveOperation": {
            "script": {
                "py": "from apng_core.db import fetchone\nimport uuid\n\n\n# Parse state codes from textarea (one per line)\nstate_codes_text = parameters.get('state_codes', '')\nstate_codes = [s.strip() for s in state_codes_text.split('\\n') if s.strip()]\n\n# Get or generate operation ID\noperation_id = parameters.get('id')\nif not operation_id:\n    operation_id = str(uuid.uuid4())\n    parameters['id'] = operation_id\n\nSQL_OP = \"\"\"\n    INSERT INTO process_operation \n        (id, type_id, code, name_en, name_ru, icon, resource_url, availability_condition, move_to_state_script, database, workflow)\n    VALUES \n        (%(id)s::uuid, %(type_id)s, %(code)s, %(name_en)s, %(name_ru)s, \n         %(icon)s, %(resource_url)s, %(availability_condition)s, %(move_to_state_script)s, %(database)s, %(workflow)s)\n    ON CONFLICT (type_id, code) DO UPDATE SET\n        name_en = EXCLUDED.name_en,\n        name_ru = EXCLUDED.name_ru,\n        icon = EXCLUDED.icon,\n        resource_url = EXCLUDED.resource_url,\n        availability_condition = EXCLUDED.availability_condition,\n        move_to_state_script = EXCLUDED.move_to_state_script,\n        database = EXCLUDED.database,\n        workflow = EXCLUDED.workflow\n    RETURNING id\n\"\"\"\n\nparameters['icon'] = parameters.get('icon')\nparameters['resource_url'] = parameters.get('resource_url')\nparameters['availability_condition'] = parameters.get('availability_condition')\nparameters['move_to_state_script'] = parameters.get('move_to_state_script')\nparameters['database'] = parameters.get('database')\nparameters['workflow'] = parameters.get('workflow')\n\n\n\nwith initDbSession(database='default').cursor() as c:\n    c.execute(SQL_OP, parameters)\n    data = fetchone(c)\n"
            },
            "sql": {}
        },
        "deleteOperation": {
            "script": {
                "py": "SQL = \"\"\"\n    DELETE FROM process_operation WHERE id = %(id)s::uuid\n\"\"\"x\n\nwith initDbSession(database='default').cursor() as c:\n    c.execute(SQL, parameters)\n    data = {'success': True}\n"
            }
        },
        "saveStateOper": {
            "script": {
                "py": "from apng_core.db import fetchone\n\n#raise Exception(parameters)\nSQL = \"\"\"\n    INSERT INTO process_operation_states (operation_id, state_id)\n    VALUES (%(operation_id)s, %(state_id)s)\n\"\"\"\n\nwith initDbSession(database='default').cursor() as c:\n    c.execute(SQL, parameters)\n"
            }
        },
        "deleteStateOper": {
            "script": {
                "py": "from apng_core.db import fetchone\n\n#raise Exception(parameters)\nSQL = \"\"\"\n    DELETE FROM process_operation_states \n    where operation_id =  %(operation_id)s and state_id = %(state_id)s\n\"\"\"\n\nwith initDbSession(database='default').cursor() as c:\n    c.execute(SQL, parameters)\n"
            }
        },
        "getTypeTree": {
            "sql": {},
            "script": {
                "py": "from apng_core.db import fetchall\n\nSQL = \"\"\"\n    SELECT id, code, name_en, name_ru, attributes_table, parent_id\n    FROM process_type\n    order by code\n\"\"\"\n\nwith initDbSession(database='default').cursor() as c:\n    c.execute(SQL)\n    data = fetchall(c)\n\nfor row in data:\n    #raise Exception(row)\n    if row['parent_id']:\n        row['path'] = [row['parent_id'], row['id']]\n    else:\n        row['path'] = [row['id']]\n"
            }
        }
    },
    "js": {
        "make_add_actions": "// TEST ONLY\nreturn context.oper?.map?.((t)=>{\n    console.log('selected oper', t, 'mem', mem);\n    return {\n        title: t.name_ru,\n        action: {\n            name: 'addAction',\n            params: {\n                operation_id: t.id\n            }\n        }\n\n    }\n});\n\n\n        /*\n        command: ()=>{\n            console.log('ctx', context);\n            backend.post('/aoa/execObjectMethod', {object: 'processManagement', method: 'saveStateOper', params: { state_id: mem.id, operation_id: t.id}})\n                .then((r)=>{\n                    console.log('MMM', mem);\n                    mem.oper=[{id: 1, name: '11111'}]; \n                    mem.oper = [...mem.oper]; \n                    forceUpdate();\n                })\n            \n        }\n        */"
    },
    "references": {}
}