<workplace code="swift.manager" name="SWIFT">
  <menu name="SWIFT">
    <menu name="Входящие сообщения" call="/aoa/ObjectListTask">
      <p name="object" value="swiftIncome" />
      <p name="list" value="default" />
    </menu>
    <menu name="Исходящие сообщения" call="/aoa/ObjectListTask">
      <p name="object" value="swiftOutcome" />
      <p name="list" value="default" />
    </menu>
    <menu name="Настройки" call="/aoa/ObjectTask">
      <p name="object" value="swiftIncome" />
      <p name="form" value="settings" />
    </menu>
    <menu name="Типы сообщений" call="/aoa/ObjectTask">
      <p name="object" value="processManagement" />
      <p name="form" value="treeType" />
    </menu>
  </menu>
</workplace>