{
    "forms": {},
    "methods": {},
    "references": {
        "default": {
            "form": {
                "style": {
                    "width": "1000px",
                    "height": "600px"
                },
                "columns": [
                    {
                        "title": "Код",
                        "field": "code",
                        "width": 100
                    },
                    {
                        "title": "Наименование",
                        "field": "name",
                        "flex": 1
                    }
                ],
                "fastFilter": false,
                "primaryKey": "code",
                "isGroup": "item.groupFl=='1'"
            },
            "method": {
                "sql": {
                    "params": [
                        "productCode"
                    ],
                    "sql": "select \r\n    t.code \"code\", \r\n    t.longname \"name\",\r\n    t.groupfl \"groupFl\"\r\nfrom U_UZ_TYPECRED_110 t \r\nwhere \r\n    t.CODE=nvl(l_Pkgdeauniref.fGetClsRefValCode(T_pkgDea.fDclId(:productCode,0), u_Pkguniref.fRefCode2Id('UZ_TYPECRED_110',0)),t.CODE)\r\n    and t.arcfl='0' and t.arestfl='0' \r\norder by code",
                    "sqlType": "query",
                    "database": "bank"
                },
                "script": {
                    "params": []
                }
            }
        }
    },
    "lists": {},
    "js": {}
}