{
    "forms": {},
    "methods": {},
    "references": {
        "default": {
            "form": {
                "style": {
                    "width": "700px",
                    "height": "400px"
                },
                "columns": [
                    {
                        "title": "Код",
                        "field": "code",
                        "width": 140,
                        "hide": false
                    },
                    {
                        "title": "Наименование",
                        "field": "name",
                        "flex": 1
                    }
                ],
                "primaryKey": "code",
                "fastFilter": true
            },
            "method": {
                "sql": {
                    "params": [],
                    "sqlType": "query",
                    "database": "bank",
                    "sql": "select \n    code \"code\",\n    longname \"name\"\nfrom U_UZ_OBL\nwhere arcfl='0' and arestfl='0'\norder by code"
                },
                "script": {
                    "params": []
                }
            }
        }
    },
    "lists": {},
    "js": {}
}