{
    "forms": {},
    "methods": {},
    "references": {
        "default": {
            "form": {
                "style": {
                    "width": "1000px",
                    "height": "600px"
                },
                "columns": [
                    {
                        "title": "Код",
                        "field": "code",
                        "width": 320
                    },
                    {
                        "title": "Наименование",
                        "field": "name",
                        "flex": 1
                    }
                ],
                "fastFilter": true,
                "primaryKey": "code"
            },
            "method": {
                "sql": {
                    "params": [],
                    "sql": "select /*+ ALL_ROWS*/\n  CODE \"code\",\n  LONGNAME \"name\"\nfrom\n  GV_BNK g\nwhere\narcfl='0'\nand (g.HEAD_CODE=c_fPrm('L_BNKCODE_NIPS') or g.CODE=c_fPrm('L_BNKCODE_NIPS'))\norder by CODE asc\n",
                    "sqlType": "query",
                    "database": "bank"
                },
                "script": {
                    "params": []
                }
            }
        }
    },
    "lists": {},
    "js": {}
}