{
    "conditions": [
        {
            "condition": "ctx['product_code'] in ('UZ.FL.OBR.FM', 'UZ.FL.OBR.FM2', 'UZ.FL.2021_ORB', 'UZ.FL.2021_ORB2')",
            "decision": "{'object' : 'loanappAloqa', 'method': 'checkIncomeResult'}",
            "comment": "Обработчик для образовательных кредитов"
        }
    ],
    "tests": [
        {
            "name": "Образовательные кредиты",
            "context": "{\"product_code\": \"UZ.FL.2021_ORB\"}"
        },
        {
            "name": "Другие",
            "context": "{\"product_code\": \"UZ.FL.MKP.32.S\"}"
        }
    ]
}